0,0 Linko Queen Bedsheet,14,5,300,200,23,4,75,1,1,1,5,1,20,true,false,Furniture,BedRoom,Bed,Metal Frame
1,1 Linko Queen Bedsheet,14,5,300,200,23,4,75,1,1,1,5,1,20,true,false,Furniture,BedRoom,Bed,WoodFrame
2,2 Linko Queen Bedsheet,14,5,300,200,23,4,75,1,1,1,5,1,20,true,false,Furniture,BedRoom,Bed,Metal Frame
3,3 Linko Queen Bedsheet,14,5,300,200,23,4,75,1,1,1,5,1,20,true,false,Garden,Plant,Outdoor Plants,Seasonals
4,4 Linko Queen Bedsheet,14,5,300,200,23,4,75,1,1,1,5,1,20,true,false,Furniture,BedRoom,Chest,Without drawer
5,5 Linko Queen Bedsheet,14,5,300,200,23,4,75,1,1,1,5,1,20,true,false,Furniture,BedRoom,Bed,Metal Frame
6,6 Linko Queen Bedsheet,14,5,300,200,23,4,75,1,1,1,5,1,20,true,false,Furniture,BedRoom,Chest,With drawer
7,7 Linko Queen Bedsheet,14,5,300,200,23,4,75,1,1,1,5,1,20,true,false,Furniture,Living Room,Sofa,Sectional
8,8 Linko Queen Bedsheet,14,5,300,200,23,4,75,1,1,1,5,1,20,true,false,Furniture,BedRoom,Chest,With drawer
9,9 Linko Queen Bedsheet,14,5,300,200,23,4,75,1,1,1,5,1,20,true,false,Furniture,Living Room,Tables,End Tables
10,10 Linko Queen Bedsheet,14,5,300,200,23,4,75,1,1,1,5,1,20,true,false,Furniture,Living Room,Sofa,Love Seat
11,11 Linko Queen Bedsheet,14,5,300,200,23,4,75,1,1,1,5,1,20,true,false,Garden,Plant,Outdoor Plants,Perinnials
12,12 Linko Queen Bedsheet,14,5,300,200,23,4,75,1,1,1,5,1,20,true,false,Garden,Plant,Outdoor Plants,Perinnials
13,13 Linko Queen Bedsheet,14,5,300,200,23,4,75,1,1,1,5,1,20,true,false,Furniture,Living Room,Tables,Coffee table
14,14 Linko Queen Bedsheet,14,5,300,200,23,4,75,1,1,1,5,1,20,true,false,Furniture,Living Room,Sofa,Love Seat
15,15 Linko Queen Bedsheet,14,5,300,200,23,4,75,1,1,1,5,1,20,true,false,Furniture,BedRoom,Chest,Without drawer
16,16 Linko Queen Bedsheet,14,5,300,200,23,4,75,1,1,1,5,1,20,true,false,Furniture,BedRoom,Bed,WoodFrame
17,17 Linko Queen Bedsheet,14,5,300,200,23,4,75,1,1,1,5,1,20,true,false,Garden,Plant,Outdoor Plants,Perinnials
18,18 Linko Queen Bedsheet,14,5,300,200,23,4,75,1,1,1,5,1,20,true,false,Furniture,Living Room,Tables,Coffee table
19,19 Linko Queen Bedsheet,14,5,300,200,23,4,75,1,1,1,5,1,20,true,false,Furniture,BedRoom,Bed,Metal Frame
20,20 Linko Queen Bedsheet,14,5,300,200,23,4,75,1,1,1,5,1,20,true,false,Furniture,BedRoom,Chest,With drawer
21,21 Linko Queen Bedsheet,14,5,300,200,23,4,75,1,1,1,5,1,20,true,false,Furniture,Living Room,Tables,Coffee table
22,22 Linko Queen Bedsheet,14,5,300,200,23,4,75,1,1,1,5,1,20,true,false,Garden,Plant,Outdoor Plants,Seasonals
23,23 Linko Queen Bedsheet,14,5,300,200,23,4,75,1,1,1,5,1,20,true,false,Furniture,BedRoom,Bed,Metal Frame
24,24 Linko Queen Bedsheet,14,5,300,200,23,4,75,1,1,1,5,1,20,true,false,Furniture,Living Room,Tables,Coffee table
25,25 Linko Queen Bedsheet,14,5,300,200,23,4,75,1,1,1,5,1,20,true,false,Furniture,Living Room,Sofa,Love Seat
26,26 Linko Queen Bedsheet,14,5,300,200,23,4,75,1,1,1,5,1,20,true,false,Furniture,Living Room,Tables,Coffee table
27,27 Linko Queen Bedsheet,14,5,300,200,23,4,75,1,1,1,5,1,20,true,false,Garden,Equipemnt,Outdoor Gardening,Hoses
28,28 Linko Queen Bedsheet,14,5,300,200,23,4,75,1,1,1,5,1,20,true,false,Furniture,BedRoom,Chest,Without drawer
29,29 Linko Queen Bedsheet,14,5,300,200,23,4,75,1,1,1,5,1,20,true,false,Furniture,BedRoom,Chest,Without drawer
30,30 Linko Queen Bedsheet,14,5,300,200,23,4,75,1,1,1,5,1,20,true,false,Garden,Plant,Outdoor Plants,Perinnials
31,31 Linko Queen Bedsheet,14,5,300,200,23,4,75,1,1,1,5,1,20,true,false,Furniture,Living Room,Sofa,Sectional
32,32 Linko Queen Bedsheet,14,5,300,200,23,4,75,1,1,1,5,1,20,true,false,Furniture,Living Room,Sofa,Sectional
33,33 Linko Queen Bedsheet,14,5,300,200,23,4,75,1,1,1,5,1,20,true,false,Furniture,Living Room,Sofa,Sectional
34,34 Linko Queen Bedsheet,14,5,300,200,23,4,75,1,1,1,5,1,20,true,false,Furniture,Living Room,Sofa,Sectional
35,35 Linko Queen Bedsheet,14,5,300,200,23,4,75,1,1,1,5,1,20,true,false,Furniture,BedRoom,Bed,Metal Frame
36,36 Linko Queen Bedsheet,14,5,300,200,23,4,75,1,1,1,5,1,20,true,false,Furniture,Living Room,Tables,Coffee table
37,37 Linko Queen Bedsheet,14,5,300,200,23,4,75,1,1,1,5,1,20,true,false,Furniture,BedRoom,Bed,Metal Frame
38,38 Linko Queen Bedsheet,14,5,300,200,23,4,75,1,1,1,5,1,20,true,false,Furniture,BedRoom,Chest,Without drawer
39,39 Linko Queen Bedsheet,14,5,300,200,23,4,75,1,1,1,5,1,20,true,false,Furniture,Living Room,Tables,Coffee table
40,40 Linko Queen Bedsheet,14,5,300,200,23,4,75,1,1,1,5,1,20,true,false,Furniture,Living Room,Tables,End Tables
41,41 Linko Queen Bedsheet,14,5,300,200,23,4,75,1,1,1,5,1,20,true,false,Furniture,BedRoom,Bed,WoodFrame
42,42 Linko Queen Bedsheet,14,5,300,200,23,4,75,1,1,1,5,1,20,true,false,Garden,Plant,Outdoor Plants,Perinnials
43,43 Linko Queen Bedsheet,14,5,300,200,23,4,75,1,1,1,5,1,20,true,false,Garden,Plant,Outdoor Plants,Perinnials
44,44 Linko Queen Bedsheet,14,5,300,200,23,4,75,1,1,1,5,1,20,true,false,Furniture,Living Room,Sofa,Sectional
45,45 Linko Queen Bedsheet,14,5,300,200,23,4,75,1,1,1,5,1,20,true,false,Furniture,BedRoom,Chest,With drawer
46,46 Linko Queen Bedsheet,14,5,300,200,23,4,75,1,1,1,5,1,20,true,false,Furniture,BedRoom,Chest,With drawer
47,47 Linko Queen Bedsheet,14,5,300,200,23,4,75,1,1,1,5,1,20,true,false,Furniture,BedRoom,Bed,WoodFrame
48,48 Linko Queen Bedsheet,14,5,300,200,23,4,75,1,1,1,5,1,20,true,false,Garden,Equipemnt,Outdoor Gardening,Hoses
49,49 Linko Queen Bedsheet,14,5,300,200,23,4,75,1,1,1,5,1,20,true,false,Furniture,BedRoom,Chest,Without drawer
50,50 Linko Queen Bedsheet,14,5,300,200,23,4,75,1,1,1,5,1,20,true,false,Garden,Plant,Outdoor Plants,Perinnials
51,51 Linko Queen Bedsheet,14,5,300,200,23,4,75,1,1,1,5,1,20,true,false,Furniture,BedRoom,Bed,WoodFrame
52,52 Linko Queen Bedsheet,14,5,300,200,23,4,75,1,1,1,5,1,20,true,false,Furniture,Living Room,Sofa,Sectional
53,53 Linko Queen Bedsheet,14,5,300,200,23,4,75,1,1,1,5,1,20,true,false,Furniture,Living Room,Tables,Coffee table
54,54 Linko Queen Bedsheet,14,5,300,200,23,4,75,1,1,1,5,1,20,true,false,Garden,Equipemnt,Outdoor Gardening,Hoses
55,55 Linko Queen Bedsheet,14,5,300,200,23,4,75,1,1,1,5,1,20,true,false,Furniture,BedRoom,Bed,WoodFrame
56,56 Linko Queen Bedsheet,14,5,300,200,23,4,75,1,1,1,5,1,20,true,false,Furniture,Living Room,Tables,End Tables
57,57 Linko Queen Bedsheet,14,5,300,200,23,4,75,1,1,1,5,1,20,true,false,Furniture,Living Room,Sofa,Love Seat
58,58 Linko Queen Bedsheet,14,5,300,200,23,4,75,1,1,1,5,1,20,true,false,Garden,Equipemnt,Outdoor Gardening,Hoses
59,59 Linko Queen Bedsheet,14,5,300,200,23,4,75,1,1,1,5,1,20,true,false,Garden,Equipemnt,Outdoor Gardening,Hoses
60,60 Linko Queen Bedsheet,14,5,300,200,23,4,75,1,1,1,5,1,20,true,false,Furniture,BedRoom,Chest,With drawer
61,61 Linko Queen Bedsheet,14,5,300,200,23,4,75,1,1,1,5,1,20,true,false,Furniture,BedRoom,Chest,With drawer
62,62 Linko Queen Bedsheet,14,5,300,200,23,4,75,1,1,1,5,1,20,true,false,Furniture,Living Room,Sofa,Love Seat
63,63 Linko Queen Bedsheet,14,5,300,200,23,4,75,1,1,1,5,1,20,true,false,Furniture,BedRoom,Bed,Metal Frame
64,64 Linko Queen Bedsheet,14,5,300,200,23,4,75,1,1,1,5,1,20,true,false,Furniture,BedRoom,Chest,With drawer
65,65 Linko Queen Bedsheet,14,5,300,200,23,4,75,1,1,1,5,1,20,true,false,Garden,Plant,Outdoor Plants,Perinnials
66,66 Linko Queen Bedsheet,14,5,300,200,23,4,75,1,1,1,5,1,20,true,false,Garden,Equipemnt,Outdoor Gardening,Hoses
67,67 Linko Queen Bedsheet,14,5,300,200,23,4,75,1,1,1,5,1,20,true,false,Furniture,Living Room,Tables,Coffee table
68,68 Linko Queen Bedsheet,14,5,300,200,23,4,75,1,1,1,5,1,20,true,false,Garden,Plant,Outdoor Plants,Perinnials
69,69 Linko Queen Bedsheet,14,5,300,200,23,4,75,1,1,1,5,1,20,true,false,Furniture,Living Room,Tables,Coffee table
70,70 Linko Queen Bedsheet,14,5,300,200,23,4,75,1,1,1,5,1,20,true,false,Furniture,BedRoom,Chest,With drawer
71,71 Linko Queen Bedsheet,14,5,300,200,23,4,75,1,1,1,5,1,20,true,false,Garden,Plant,Outdoor Plants,Seasonals
72,72 Linko Queen Bedsheet,14,5,300,200,23,4,75,1,1,1,5,1,20,true,false,Furniture,Living Room,Sofa,Love Seat
73,73 Linko Queen Bedsheet,14,5,300,200,23,4,75,1,1,1,5,1,20,true,false,Garden,Plant,Outdoor Plants,Seasonals
74,74 Linko Queen Bedsheet,14,5,300,200,23,4,75,1,1,1,5,1,20,true,false,Furniture,Living Room,Sofa,Love Seat
75,75 Linko Queen Bedsheet,14,5,300,200,23,4,75,1,1,1,5,1,20,true,false,Furniture,BedRoom,Chest,Without drawer
76,76 Linko Queen Bedsheet,14,5,300,200,23,4,75,1,1,1,5,1,20,true,false,Furniture,Living Room,Sofa,Sectional
77,77 Linko Queen Bedsheet,14,5,300,200,23,4,75,1,1,1,5,1,20,true,false,Furniture,BedRoom,Chest,Without drawer
78,78 Linko Queen Bedsheet,14,5,300,200,23,4,75,1,1,1,5,1,20,true,false,Furniture,BedRoom,Chest,Without drawer
79,79 Linko Queen Bedsheet,14,5,300,200,23,4,75,1,1,1,5,1,20,true,false,Furniture,Living Room,Tables,Coffee table
80,80 Linko Queen Bedsheet,14,5,300,200,23,4,75,1,1,1,5,1,20,true,false,Garden,Plant,Outdoor Plants,Seasonals
81,81 Linko Queen Bedsheet,14,5,300,200,23,4,75,1,1,1,5,1,20,true,false,Furniture,Living Room,Tables,End Tables
82,82 Linko Queen Bedsheet,14,5,300,200,23,4,75,1,1,1,5,1,20,true,false,Furniture,BedRoom,Bed,Metal Frame
83,83 Linko Queen Bedsheet,14,5,300,200,23,4,75,1,1,1,5,1,20,true,false,Furniture,Living Room,Tables,Coffee table
84,84 Linko Queen Bedsheet,14,5,300,200,23,4,75,1,1,1,5,1,20,true,false,Furniture,Living Room,Tables,End Tables
85,85 Linko Queen Bedsheet,14,5,300,200,23,4,75,1,1,1,5,1,20,true,false,Furniture,Living Room,Sofa,Sectional
86,86 Linko Queen Bedsheet,14,5,300,200,23,4,75,1,1,1,5,1,20,true,false,Furniture,BedRoom,Chest,With drawer
87,87 Linko Queen Bedsheet,14,5,300,200,23,4,75,1,1,1,5,1,20,true,false,Furniture,Living Room,Sofa,Sectional
88,88 Linko Queen Bedsheet,14,5,300,200,23,4,75,1,1,1,5,1,20,true,false,Furniture,BedRoom,Chest,With drawer
89,89 Linko Queen Bedsheet,14,5,300,200,23,4,75,1,1,1,5,1,20,true,false,Furniture,Living Room,Sofa,Sectional
90,90 Linko Queen Bedsheet,14,5,300,200,23,4,75,1,1,1,5,1,20,true,false,Furniture,Living Room,Sofa,Love Seat
91,91 Linko Queen Bedsheet,14,5,300,200,23,4,75,1,1,1,5,1,20,true,false,Garden,Plant,Outdoor Plants,Seasonals
92,92 Linko Queen Bedsheet,14,5,300,200,23,4,75,1,1,1,5,1,20,true,false,Garden,Equipemnt,Outdoor Gardening,Hoses
93,93 Linko Queen Bedsheet,14,5,300,200,23,4,75,1,1,1,5,1,20,true,false,Garden,Plant,Outdoor Plants,Seasonals
94,94 Linko Queen Bedsheet,14,5,300,200,23,4,75,1,1,1,5,1,20,true,false,Furniture,BedRoom,Bed,WoodFrame
95,95 Linko Queen Bedsheet,14,5,300,200,23,4,75,1,1,1,5,1,20,true,false,Furniture,BedRoom,Chest,Without drawer
96,96 Linko Queen Bedsheet,14,5,300,200,23,4,75,1,1,1,5,1,20,true,false,Furniture,BedRoom,Chest,Without drawer
97,97 Linko Queen Bedsheet,14,5,300,200,23,4,75,1,1,1,5,1,20,true,false,Furniture,Living Room,Sofa,Love Seat
98,98 Linko Queen Bedsheet,14,5,300,200,23,4,75,1,1,1,5,1,20,true,false,Garden,Plant,Outdoor Plants,Seasonals
99,99 Linko Queen Bedsheet,14,5,300,200,23,4,75,1,1,1,5,1,20,true,false,Furniture,Living Room,Sofa,Sectional
100,100 Linko Queen Bedsheet,14,5,300,200,23,4,75,1,1,1,5,1,20,true,false,Furniture,Living Room,Tables,Coffee table
101,101 Linko Queen Bedsheet,14,5,300,200,23,4,75,1,1,1,5,1,20,true,false,Furniture,BedRoom,Chest,Without drawer
102,102 Linko Queen Bedsheet,14,5,300,200,23,4,75,1,1,1,5,1,20,true,false,Garden,Plant,Outdoor Plants,Seasonals
103,103 Linko Queen Bedsheet,14,5,300,200,23,4,75,1,1,1,5,1,20,true,false,Furniture,BedRoom,Chest,Without drawer
104,104 Linko Queen Bedsheet,14,5,300,200,23,4,75,1,1,1,5,1,20,true,false,Furniture,BedRoom,Chest,Without drawer
105,105 Linko Queen Bedsheet,14,5,300,200,23,4,75,1,1,1,5,1,20,true,false,Furniture,Living Room,Sofa,Sectional
106,106 Linko Queen Bedsheet,14,5,300,200,23,4,75,1,1,1,5,1,20,true,false,Garden,Plant,Outdoor Plants,Seasonals
107,107 Linko Queen Bedsheet,14,5,300,200,23,4,75,1,1,1,5,1,20,true,false,Garden,Plant,Outdoor Plants,Perinnials
108,108 Linko Queen Bedsheet,14,5,300,200,23,4,75,1,1,1,5,1,20,true,false,Garden,Plant,Outdoor Plants,Perinnials
109,109 Linko Queen Bedsheet,14,5,300,200,23,4,75,1,1,1,5,1,20,true,false,Furniture,Living Room,Sofa,Sectional
110,110 Linko Queen Bedsheet,14,5,300,200,23,4,75,1,1,1,5,1,20,true,false,Garden,Plant,Outdoor Plants,Seasonals
111,111 Linko Queen Bedsheet,14,5,300,200,23,4,75,1,1,1,5,1,20,true,false,Garden,Plant,Outdoor Plants,Seasonals
112,112 Linko Queen Bedsheet,14,5,300,200,23,4,75,1,1,1,5,1,20,true,false,Garden,Equipemnt,Outdoor Gardening,Hoses
113,113 Linko Queen Bedsheet,14,5,300,200,23,4,75,1,1,1,5,1,20,true,false,Garden,Plant,Outdoor Plants,Seasonals
114,114 Linko Queen Bedsheet,14,5,300,200,23,4,75,1,1,1,5,1,20,true,false,Furniture,Living Room,Tables,Coffee table
115,115 Linko Queen Bedsheet,14,5,300,200,23,4,75,1,1,1,5,1,20,true,false,Furniture,BedRoom,Bed,WoodFrame
116,116 Linko Queen Bedsheet,14,5,300,200,23,4,75,1,1,1,5,1,20,true,false,Furniture,BedRoom,Bed,WoodFrame
117,117 Linko Queen Bedsheet,14,5,300,200,23,4,75,1,1,1,5,1,20,true,false,Furniture,BedRoom,Bed,WoodFrame
118,118 Linko Queen Bedsheet,14,5,300,200,23,4,75,1,1,1,5,1,20,true,false,Furniture,Living Room,Sofa,Love Seat
119,119 Linko Queen Bedsheet,14,5,300,200,23,4,75,1,1,1,5,1,20,true,false,Furniture,Living Room,Sofa,Love Seat
120,120 Linko Queen Bedsheet,14,5,300,200,23,4,75,1,1,1,5,1,20,true,false,Garden,Equipemnt,Outdoor Gardening,Hoses
121,121 Linko Queen Bedsheet,14,5,300,200,23,4,75,1,1,1,5,1,20,true,false,Furniture,BedRoom,Chest,With drawer
122,122 Linko Queen Bedsheet,14,5,300,200,23,4,75,1,1,1,5,1,20,true,false,Garden,Plant,Outdoor Plants,Seasonals
123,123 Linko Queen Bedsheet,14,5,300,200,23,4,75,1,1,1,5,1,20,true,false,Furniture,BedRoom,Chest,With drawer
124,124 Linko Queen Bedsheet,14,5,300,200,23,4,75,1,1,1,5,1,20,true,false,Furniture,Living Room,Tables,End Tables
125,125 Linko Queen Bedsheet,14,5,300,200,23,4,75,1,1,1,5,1,20,true,false,Furniture,BedRoom,Bed,WoodFrame
126,126 Linko Queen Bedsheet,14,5,300,200,23,4,75,1,1,1,5,1,20,true,false,Furniture,Living Room,Sofa,Sectional
127,127 Linko Queen Bedsheet,14,5,300,200,23,4,75,1,1,1,5,1,20,true,false,Furniture,BedRoom,Bed,Metal Frame
128,128 Linko Queen Bedsheet,14,5,300,200,23,4,75,1,1,1,5,1,20,true,false,Garden,Plant,Outdoor Plants,Perinnials
129,129 Linko Queen Bedsheet,14,5,300,200,23,4,75,1,1,1,5,1,20,true,false,Furniture,Living Room,Sofa,Love Seat
130,130 Linko Queen Bedsheet,14,5,300,200,23,4,75,1,1,1,5,1,20,true,false,Furniture,Living Room,Tables,Coffee table
131,131 Linko Queen Bedsheet,14,5,300,200,23,4,75,1,1,1,5,1,20,true,false,Furniture,BedRoom,Bed,WoodFrame
132,132 Linko Queen Bedsheet,14,5,300,200,23,4,75,1,1,1,5,1,20,true,false,Furniture,BedRoom,Chest,With drawer
133,133 Linko Queen Bedsheet,14,5,300,200,23,4,75,1,1,1,5,1,20,true,false,Garden,Equipemnt,Outdoor Gardening,Hoses
134,134 Linko Queen Bedsheet,14,5,300,200,23,4,75,1,1,1,5,1,20,true,false,Furniture,Living Room,Sofa,Love Seat
135,135 Linko Queen Bedsheet,14,5,300,200,23,4,75,1,1,1,5,1,20,true,false,Furniture,Living Room,Sofa,Sectional
136,136 Linko Queen Bedsheet,14,5,300,200,23,4,75,1,1,1,5,1,20,true,false,Furniture,Living Room,Tables,Coffee table
137,137 Linko Queen Bedsheet,14,5,300,200,23,4,75,1,1,1,5,1,20,true,false,Furniture,Living Room,Tables,Coffee table
138,138 Linko Queen Bedsheet,14,5,300,200,23,4,75,1,1,1,5,1,20,true,false,Furniture,Living Room,Sofa,Love Seat
139,139 Linko Queen Bedsheet,14,5,300,200,23,4,75,1,1,1,5,1,20,true,false,Garden,Plant,Outdoor Plants,Perinnials
140,140 Linko Queen Bedsheet,14,5,300,200,23,4,75,1,1,1,5,1,20,true,false,Garden,Plant,Outdoor Plants,Perinnials
141,141 Linko Queen Bedsheet,14,5,300,200,23,4,75,1,1,1,5,1,20,true,false,Furniture,BedRoom,Chest,With drawer
142,142 Linko Queen Bedsheet,14,5,300,200,23,4,75,1,1,1,5,1,20,true,false,Garden,Plant,Outdoor Plants,Seasonals
143,143 Linko Queen Bedsheet,14,5,300,200,23,4,75,1,1,1,5,1,20,true,false,Furniture,Living Room,Tables,Coffee table
144,144 Linko Queen Bedsheet,14,5,300,200,23,4,75,1,1,1,5,1,20,true,false,Furniture,BedRoom,Chest,With drawer
145,145 Linko Queen Bedsheet,14,5,300,200,23,4,75,1,1,1,5,1,20,true,false,Furniture,Living Room,Sofa,Sectional
146,146 Linko Queen Bedsheet,14,5,300,200,23,4,75,1,1,1,5,1,20,true,false,Furniture,BedRoom,Bed,Metal Frame
147,147 Linko Queen Bedsheet,14,5,300,200,23,4,75,1,1,1,5,1,20,true,false,Furniture,BedRoom,Chest,Without drawer
148,148 Linko Queen Bedsheet,14,5,300,200,23,4,75,1,1,1,5,1,20,true,false,Garden,Plant,Outdoor Plants,Seasonals
149,149 Linko Queen Bedsheet,14,5,300,200,23,4,75,1,1,1,5,1,20,true,false,Furniture,BedRoom,Bed,Metal Frame
150,150 Linko Queen Bedsheet,14,5,300,200,23,4,75,1,1,1,5,1,20,true,false,Furniture,BedRoom,Bed,Metal Frame
151,151 Linko Queen Bedsheet,14,5,300,200,23,4,75,1,1,1,5,1,20,true,false,Garden,Plant,Outdoor Plants,Perinnials
152,152 Linko Queen Bedsheet,14,5,300,200,23,4,75,1,1,1,5,1,20,true,false,Garden,Equipemnt,Outdoor Gardening,Hoses
153,153 Linko Queen Bedsheet,14,5,300,200,23,4,75,1,1,1,5,1,20,true,false,Furniture,BedRoom,Bed,Metal Frame
154,154 Linko Queen Bedsheet,14,5,300,200,23,4,75,1,1,1,5,1,20,true,false,Garden,Equipemnt,Outdoor Gardening,Hoses
155,155 Linko Queen Bedsheet,14,5,300,200,23,4,75,1,1,1,5,1,20,true,false,Furniture,Living Room,Sofa,Sectional
156,156 Linko Queen Bedsheet,14,5,300,200,23,4,75,1,1,1,5,1,20,true,false,Furniture,Living Room,Tables,Coffee table
157,157 Linko Queen Bedsheet,14,5,300,200,23,4,75,1,1,1,5,1,20,true,false,Furniture,Living Room,Sofa,Sectional
158,158 Linko Queen Bedsheet,14,5,300,200,23,4,75,1,1,1,5,1,20,true,false,Furniture,Living Room,Tables,Coffee table
159,159 Linko Queen Bedsheet,14,5,300,200,23,4,75,1,1,1,5,1,20,true,false,Furniture,Living Room,Tables,Coffee table
160,160 Linko Queen Bedsheet,14,5,300,200,23,4,75,1,1,1,5,1,20,true,false,Furniture,Living Room,Sofa,Love Seat
161,161 Linko Queen Bedsheet,14,5,300,200,23,4,75,1,1,1,5,1,20,true,false,Garden,Equipemnt,Outdoor Gardening,Hoses
162,162 Linko Queen Bedsheet,14,5,300,200,23,4,75,1,1,1,5,1,20,true,false,Furniture,Living Room,Tables,Coffee table
163,163 Linko Queen Bedsheet,14,5,300,200,23,4,75,1,1,1,5,1,20,true,false,Furniture,Living Room,Tables,End Tables
164,164 Linko Queen Bedsheet,14,5,300,200,23,4,75,1,1,1,5,1,20,true,false,Garden,Plant,Outdoor Plants,Seasonals
165,165 Linko Queen Bedsheet,14,5,300,200,23,4,75,1,1,1,5,1,20,true,false,Furniture,BedRoom,Chest,Without drawer
166,166 Linko Queen Bedsheet,14,5,300,200,23,4,75,1,1,1,5,1,20,true,false,Furniture,BedRoom,Bed,Metal Frame
167,167 Linko Queen Bedsheet,14,5,300,200,23,4,75,1,1,1,5,1,20,true,false,Furniture,Living Room,Tables,End Tables
168,168 Linko Queen Bedsheet,14,5,300,200,23,4,75,1,1,1,5,1,20,true,false,Furniture,BedRoom,Chest,Without drawer
169,169 Linko Queen Bedsheet,14,5,300,200,23,4,75,1,1,1,5,1,20,true,false,Garden,Plant,Outdoor Plants,Perinnials
170,170 Linko Queen Bedsheet,14,5,300,200,23,4,75,1,1,1,5,1,20,true,false,Garden,Plant,Outdoor Plants,Perinnials
171,171 Linko Queen Bedsheet,14,5,300,200,23,4,75,1,1,1,5,1,20,true,false,Furniture,Living Room,Tables,End Tables
172,172 Linko Queen Bedsheet,14,5,300,200,23,4,75,1,1,1,5,1,20,true,false,Furniture,Living Room,Tables,Coffee table
173,173 Linko Queen Bedsheet,14,5,300,200,23,4,75,1,1,1,5,1,20,true,false,Furniture,Living Room,Tables,Coffee table
174,174 Linko Queen Bedsheet,14,5,300,200,23,4,75,1,1,1,5,1,20,true,false,Furniture,BedRoom,Bed,Metal Frame
175,175 Linko Queen Bedsheet,14,5,300,200,23,4,75,1,1,1,5,1,20,true,false,Furniture,Living Room,Sofa,Love Seat
176,176 Linko Queen Bedsheet,14,5,300,200,23,4,75,1,1,1,5,1,20,true,false,Furniture,Living Room,Sofa,Love Seat
177,177 Linko Queen Bedsheet,14,5,300,200,23,4,75,1,1,1,5,1,20,true,false,Furniture,Living Room,Sofa,Love Seat
178,178 Linko Queen Bedsheet,14,5,300,200,23,4,75,1,1,1,5,1,20,true,false,Furniture,BedRoom,Bed,Metal Frame
179,179 Linko Queen Bedsheet,14,5,300,200,23,4,75,1,1,1,5,1,20,true,false,Furniture,BedRoom,Chest,With drawer
180,180 Linko Queen Bedsheet,14,5,300,200,23,4,75,1,1,1,5,1,20,true,false,Furniture,BedRoom,Bed,Metal Frame
181,181 Linko Queen Bedsheet,14,5,300,200,23,4,75,1,1,1,5,1,20,true,false,Furniture,BedRoom,Bed,Metal Frame
182,182 Linko Queen Bedsheet,14,5,300,200,23,4,75,1,1,1,5,1,20,true,false,Garden,Plant,Outdoor Plants,Seasonals
183,183 Linko Queen Bedsheet,14,5,300,200,23,4,75,1,1,1,5,1,20,true,false,Furniture,BedRoom,Bed,Metal Frame
184,184 Linko Queen Bedsheet,14,5,300,200,23,4,75,1,1,1,5,1,20,true,false,Furniture,Living Room,Sofa,Love Seat
185,185 Linko Queen Bedsheet,14,5,300,200,23,4,75,1,1,1,5,1,20,true,false,Furniture,Living Room,Sofa,Sectional
186,186 Linko Queen Bedsheet,14,5,300,200,23,4,75,1,1,1,5,1,20,true,false,Furniture,Living Room,Sofa,Sectional
187,187 Linko Queen Bedsheet,14,5,300,200,23,4,75,1,1,1,5,1,20,true,false,Furniture,Living Room,Tables,Coffee table
188,188 Linko Queen Bedsheet,14,5,300,200,23,4,75,1,1,1,5,1,20,true,false,Furniture,BedRoom,Bed,Metal Frame
189,189 Linko Queen Bedsheet,14,5,300,200,23,4,75,1,1,1,5,1,20,true,false,Furniture,Living Room,Sofa,Love Seat
190,190 Linko Queen Bedsheet,14,5,300,200,23,4,75,1,1,1,5,1,20,true,false,Furniture,Living Room,Tables,Coffee table
191,191 Linko Queen Bedsheet,14,5,300,200,23,4,75,1,1,1,5,1,20,true,false,Furniture,Living Room,Sofa,Sectional
192,192 Linko Queen Bedsheet,14,5,300,200,23,4,75,1,1,1,5,1,20,true,false,Furniture,BedRoom,Bed,Metal Frame
193,193 Linko Queen Bedsheet,14,5,300,200,23,4,75,1,1,1,5,1,20,true,false,Furniture,BedRoom,Chest,With drawer
194,194 Linko Queen Bedsheet,14,5,300,200,23,4,75,1,1,1,5,1,20,true,false,Furniture,Living Room,Sofa,Sectional
195,195 Linko Queen Bedsheet,14,5,300,200,23,4,75,1,1,1,5,1,20,true,false,Furniture,Living Room,Sofa,Sectional
196,196 Linko Queen Bedsheet,14,5,300,200,23,4,75,1,1,1,5,1,20,true,false,Furniture,BedRoom,Bed,Metal Frame
197,197 Linko Queen Bedsheet,14,5,300,200,23,4,75,1,1,1,5,1,20,true,false,Garden,Plant,Outdoor Plants,Seasonals
198,198 Linko Queen Bedsheet,14,5,300,200,23,4,75,1,1,1,5,1,20,true,false,Garden,Equipemnt,Outdoor Gardening,Hoses
199,199 Linko Queen Bedsheet,14,5,300,200,23,4,75,1,1,1,5,1,20,true,false,Furniture,Living Room,Sofa,Sectional
200,200 Linko Queen Bedsheet,14,5,300,200,23,4,75,1,1,1,5,1,20,true,false,Garden,Equipemnt,Outdoor Gardening,Hoses
201,201 Linko Queen Bedsheet,14,5,300,200,23,4,75,1,1,1,5,1,20,true,false,Furniture,BedRoom,Bed,Metal Frame
202,202 Linko Queen Bedsheet,14,5,300,200,23,4,75,1,1,1,5,1,20,true,false,Furniture,Living Room,Sofa,Sectional
203,203 Linko Queen Bedsheet,14,5,300,200,23,4,75,1,1,1,5,1,20,true,false,Furniture,Living Room,Tables,End Tables
204,204 Linko Queen Bedsheet,14,5,300,200,23,4,75,1,1,1,5,1,20,true,false,Furniture,Living Room,Tables,Coffee table
205,205 Linko Queen Bedsheet,14,5,300,200,23,4,75,1,1,1,5,1,20,true,false,Furniture,Living Room,Tables,End Tables
206,206 Linko Queen Bedsheet,14,5,300,200,23,4,75,1,1,1,5,1,20,true,false,Furniture,BedRoom,Bed,WoodFrame
207,207 Linko Queen Bedsheet,14,5,300,200,23,4,75,1,1,1,5,1,20,true,false,Furniture,BedRoom,Chest,Without drawer
208,208 Linko Queen Bedsheet,14,5,300,200,23,4,75,1,1,1,5,1,20,true,false,Furniture,Living Room,Sofa,Sectional
209,209 Linko Queen Bedsheet,14,5,300,200,23,4,75,1,1,1,5,1,20,true,false,Garden,Plant,Outdoor Plants,Seasonals
210,210 Linko Queen Bedsheet,14,5,300,200,23,4,75,1,1,1,5,1,20,true,false,Furniture,Living Room,Tables,Coffee table
211,211 Linko Queen Bedsheet,14,5,300,200,23,4,75,1,1,1,5,1,20,true,false,Garden,Equipemnt,Outdoor Gardening,Hoses
212,212 Linko Queen Bedsheet,14,5,300,200,23,4,75,1,1,1,5,1,20,true,false,Furniture,BedRoom,Chest,Without drawer
213,213 Linko Queen Bedsheet,14,5,300,200,23,4,75,1,1,1,5,1,20,true,false,Garden,Plant,Outdoor Plants,Seasonals
214,214 Linko Queen Bedsheet,14,5,300,200,23,4,75,1,1,1,5,1,20,true,false,Garden,Plant,Outdoor Plants,Seasonals
215,215 Linko Queen Bedsheet,14,5,300,200,23,4,75,1,1,1,5,1,20,true,false,Furniture,Living Room,Sofa,Love Seat
216,216 Linko Queen Bedsheet,14,5,300,200,23,4,75,1,1,1,5,1,20,true,false,Furniture,BedRoom,Chest,With drawer
217,217 Linko Queen Bedsheet,14,5,300,200,23,4,75,1,1,1,5,1,20,true,false,Garden,Plant,Outdoor Plants,Perinnials
218,218 Linko Queen Bedsheet,14,5,300,200,23,4,75,1,1,1,5,1,20,true,false,Furniture,Living Room,Sofa,Sectional
219,219 Linko Queen Bedsheet,14,5,300,200,23,4,75,1,1,1,5,1,20,true,false,Furniture,Living Room,Sofa,Love Seat
220,220 Linko Queen Bedsheet,14,5,300,200,23,4,75,1,1,1,5,1,20,true,false,Garden,Plant,Outdoor Plants,Perinnials
221,221 Linko Queen Bedsheet,14,5,300,200,23,4,75,1,1,1,5,1,20,true,false,Garden,Plant,Outdoor Plants,Perinnials
222,222 Linko Queen Bedsheet,14,5,300,200,23,4,75,1,1,1,5,1,20,true,false,Furniture,BedRoom,Chest,Without drawer
223,223 Linko Queen Bedsheet,14,5,300,200,23,4,75,1,1,1,5,1,20,true,false,Furniture,BedRoom,Chest,With drawer
224,224 Linko Queen Bedsheet,14,5,300,200,23,4,75,1,1,1,5,1,20,true,false,Furniture,BedRoom,Bed,WoodFrame
225,225 Linko Queen Bedsheet,14,5,300,200,23,4,75,1,1,1,5,1,20,true,false,Furniture,BedRoom,Chest,With drawer
226,226 Linko Queen Bedsheet,14,5,300,200,23,4,75,1,1,1,5,1,20,true,false,Furniture,BedRoom,Bed,WoodFrame
227,227 Linko Queen Bedsheet,14,5,300,200,23,4,75,1,1,1,5,1,20,true,false,Furniture,Living Room,Tables,End Tables
228,228 Linko Queen Bedsheet,14,5,300,200,23,4,75,1,1,1,5,1,20,true,false,Furniture,BedRoom,Chest,With drawer
229,229 Linko Queen Bedsheet,14,5,300,200,23,4,75,1,1,1,5,1,20,true,false,Furniture,Living Room,Sofa,Sectional
230,230 Linko Queen Bedsheet,14,5,300,200,23,4,75,1,1,1,5,1,20,true,false,Garden,Plant,Outdoor Plants,Perinnials
231,231 Linko Queen Bedsheet,14,5,300,200,23,4,75,1,1,1,5,1,20,true,false,Furniture,BedRoom,Bed,Metal Frame
232,232 Linko Queen Bedsheet,14,5,300,200,23,4,75,1,1,1,5,1,20,true,false,Furniture,BedRoom,Chest,Without drawer
233,233 Linko Queen Bedsheet,14,5,300,200,23,4,75,1,1,1,5,1,20,true,false,Furniture,BedRoom,Bed,WoodFrame
234,234 Linko Queen Bedsheet,14,5,300,200,23,4,75,1,1,1,5,1,20,true,false,Furniture,BedRoom,Chest,With drawer
235,235 Linko Queen Bedsheet,14,5,300,200,23,4,75,1,1,1,5,1,20,true,false,Furniture,BedRoom,Chest,Without drawer
236,236 Linko Queen Bedsheet,14,5,300,200,23,4,75,1,1,1,5,1,20,true,false,Furniture,Living Room,Tables,End Tables
237,237 Linko Queen Bedsheet,14,5,300,200,23,4,75,1,1,1,5,1,20,true,false,Garden,Plant,Outdoor Plants,Seasonals
238,238 Linko Queen Bedsheet,14,5,300,200,23,4,75,1,1,1,5,1,20,true,false,Garden,Plant,Outdoor Plants,Seasonals
239,239 Linko Queen Bedsheet,14,5,300,200,23,4,75,1,1,1,5,1,20,true,false,Garden,Plant,Outdoor Plants,Seasonals
240,240 Linko Queen Bedsheet,14,5,300,200,23,4,75,1,1,1,5,1,20,true,false,Furniture,Living Room,Sofa,Sectional
241,241 Linko Queen Bedsheet,14,5,300,200,23,4,75,1,1,1,5,1,20,true,false,Furniture,Living Room,Tables,End Tables
242,242 Linko Queen Bedsheet,14,5,300,200,23,4,75,1,1,1,5,1,20,true,false,Furniture,BedRoom,Bed,Metal Frame
243,243 Linko Queen Bedsheet,14,5,300,200,23,4,75,1,1,1,5,1,20,true,false,Garden,Equipemnt,Outdoor Gardening,Hoses
244,244 Linko Queen Bedsheet,14,5,300,200,23,4,75,1,1,1,5,1,20,true,false,Furniture,BedRoom,Chest,With drawer
245,245 Linko Queen Bedsheet,14,5,300,200,23,4,75,1,1,1,5,1,20,true,false,Furniture,Living Room,Sofa,Sectional
246,246 Linko Queen Bedsheet,14,5,300,200,23,4,75,1,1,1,5,1,20,true,false,Garden,Plant,Outdoor Plants,Seasonals
247,247 Linko Queen Bedsheet,14,5,300,200,23,4,75,1,1,1,5,1,20,true,false,Furniture,BedRoom,Bed,WoodFrame
248,248 Linko Queen Bedsheet,14,5,300,200,23,4,75,1,1,1,5,1,20,true,false,Garden,Plant,Outdoor Plants,Seasonals
249,249 Linko Queen Bedsheet,14,5,300,200,23,4,75,1,1,1,5,1,20,true,false,Furniture,Living Room,Tables,Coffee table
250,250 Linko Queen Bedsheet,14,5,300,200,23,4,75,1,1,1,5,1,20,true,false,Garden,Plant,Outdoor Plants,Perinnials
251,251 Linko Queen Bedsheet,14,5,300,200,23,4,75,1,1,1,5,1,20,true,false,Furniture,Living Room,Tables,End Tables
252,252 Linko Queen Bedsheet,14,5,300,200,23,4,75,1,1,1,5,1,20,true,false,Furniture,BedRoom,Chest,With drawer
253,253 Linko Queen Bedsheet,14,5,300,200,23,4,75,1,1,1,5,1,20,true,false,Furniture,BedRoom,Bed,Metal Frame
254,254 Linko Queen Bedsheet,14,5,300,200,23,4,75,1,1,1,5,1,20,true,false,Garden,Equipemnt,Outdoor Gardening,Hoses
255,255 Linko Queen Bedsheet,14,5,300,200,23,4,75,1,1,1,5,1,20,true,false,Garden,Plant,Outdoor Plants,Perinnials
256,256 Linko Queen Bedsheet,14,5,300,200,23,4,75,1,1,1,5,1,20,true,false,Garden,Plant,Outdoor Plants,Perinnials
257,257 Linko Queen Bedsheet,14,5,300,200,23,4,75,1,1,1,5,1,20,true,false,Furniture,Living Room,Sofa,Sectional
258,258 Linko Queen Bedsheet,14,5,300,200,23,4,75,1,1,1,5,1,20,true,false,Furniture,Living Room,Tables,End Tables
259,259 Linko Queen Bedsheet,14,5,300,200,23,4,75,1,1,1,5,1,20,true,false,Furniture,BedRoom,Chest,With drawer
260,260 Linko Queen Bedsheet,14,5,300,200,23,4,75,1,1,1,5,1,20,true,false,Furniture,Living Room,Tables,End Tables
261,261 Linko Queen Bedsheet,14,5,300,200,23,4,75,1,1,1,5,1,20,true,false,Garden,Plant,Outdoor Plants,Seasonals
262,262 Linko Queen Bedsheet,14,5,300,200,23,4,75,1,1,1,5,1,20,true,false,Garden,Equipemnt,Outdoor Gardening,Hoses
263,263 Linko Queen Bedsheet,14,5,300,200,23,4,75,1,1,1,5,1,20,true,false,Furniture,BedRoom,Chest,Without drawer
264,264 Linko Queen Bedsheet,14,5,300,200,23,4,75,1,1,1,5,1,20,true,false,Furniture,BedRoom,Chest,With drawer
265,265 Linko Queen Bedsheet,14,5,300,200,23,4,75,1,1,1,5,1,20,true,false,Furniture,Living Room,Sofa,Love Seat
266,266 Linko Queen Bedsheet,14,5,300,200,23,4,75,1,1,1,5,1,20,true,false,Garden,Plant,Outdoor Plants,Perinnials
267,267 Linko Queen Bedsheet,14,5,300,200,23,4,75,1,1,1,5,1,20,true,false,Furniture,Living Room,Tables,End Tables
268,268 Linko Queen Bedsheet,14,5,300,200,23,4,75,1,1,1,5,1,20,true,false,Furniture,BedRoom,Bed,WoodFrame
269,269 Linko Queen Bedsheet,14,5,300,200,23,4,75,1,1,1,5,1,20,true,false,Furniture,BedRoom,Chest,Without drawer
270,270 Linko Queen Bedsheet,14,5,300,200,23,4,75,1,1,1,5,1,20,true,false,Garden,Equipemnt,Outdoor Gardening,Hoses
271,271 Linko Queen Bedsheet,14,5,300,200,23,4,75,1,1,1,5,1,20,true,false,Furniture,Living Room,Tables,End Tables
272,272 Linko Queen Bedsheet,14,5,300,200,23,4,75,1,1,1,5,1,20,true,false,Furniture,BedRoom,Chest,With drawer
273,273 Linko Queen Bedsheet,14,5,300,200,23,4,75,1,1,1,5,1,20,true,false,Garden,Plant,Outdoor Plants,Seasonals
274,274 Linko Queen Bedsheet,14,5,300,200,23,4,75,1,1,1,5,1,20,true,false,Furniture,BedRoom,Chest,Without drawer
275,275 Linko Queen Bedsheet,14,5,300,200,23,4,75,1,1,1,5,1,20,true,false,Furniture,Living Room,Sofa,Sectional
276,276 Linko Queen Bedsheet,14,5,300,200,23,4,75,1,1,1,5,1,20,true,false,Furniture,Living Room,Sofa,Sectional
277,277 Linko Queen Bedsheet,14,5,300,200,23,4,75,1,1,1,5,1,20,true,false,Furniture,BedRoom,Chest,Without drawer
278,278 Linko Queen Bedsheet,14,5,300,200,23,4,75,1,1,1,5,1,20,true,false,Furniture,Living Room,Tables,End Tables
279,279 Linko Queen Bedsheet,14,5,300,200,23,4,75,1,1,1,5,1,20,true,false,Garden,Equipemnt,Outdoor Gardening,Hoses
280,280 Linko Queen Bedsheet,14,5,300,200,23,4,75,1,1,1,5,1,20,true,false,Furniture,BedRoom,Chest,Without drawer
281,281 Linko Queen Bedsheet,14,5,300,200,23,4,75,1,1,1,5,1,20,true,false,Furniture,BedRoom,Chest,With drawer
282,282 Linko Queen Bedsheet,14,5,300,200,23,4,75,1,1,1,5,1,20,true,false,Furniture,BedRoom,Bed,Metal Frame
283,283 Linko Queen Bedsheet,14,5,300,200,23,4,75,1,1,1,5,1,20,true,false,Furniture,BedRoom,Chest,With drawer
284,284 Linko Queen Bedsheet,14,5,300,200,23,4,75,1,1,1,5,1,20,true,false,Furniture,Living Room,Sofa,Love Seat
285,285 Linko Queen Bedsheet,14,5,300,200,23,4,75,1,1,1,5,1,20,true,false,Furniture,Living Room,Sofa,Sectional
286,286 Linko Queen Bedsheet,14,5,300,200,23,4,75,1,1,1,5,1,20,true,false,Furniture,BedRoom,Chest,Without drawer
287,287 Linko Queen Bedsheet,14,5,300,200,23,4,75,1,1,1,5,1,20,true,false,Furniture,BedRoom,Bed,Metal Frame
288,288 Linko Queen Bedsheet,14,5,300,200,23,4,75,1,1,1,5,1,20,true,false,Furniture,Living Room,Sofa,Love Seat
289,289 Linko Queen Bedsheet,14,5,300,200,23,4,75,1,1,1,5,1,20,true,false,Garden,Plant,Outdoor Plants,Perinnials
290,290 Linko Queen Bedsheet,14,5,300,200,23,4,75,1,1,1,5,1,20,true,false,Furniture,BedRoom,Bed,Metal Frame
291,291 Linko Queen Bedsheet,14,5,300,200,23,4,75,1,1,1,5,1,20,true,false,Furniture,BedRoom,Bed,Metal Frame
292,292 Linko Queen Bedsheet,14,5,300,200,23,4,75,1,1,1,5,1,20,true,false,Garden,Plant,Outdoor Plants,Perinnials
293,293 Linko Queen Bedsheet,14,5,300,200,23,4,75,1,1,1,5,1,20,true,false,Furniture,Living Room,Tables,End Tables
294,294 Linko Queen Bedsheet,14,5,300,200,23,4,75,1,1,1,5,1,20,true,false,Furniture,Living Room,Sofa,Love Seat
295,295 Linko Queen Bedsheet,14,5,300,200,23,4,75,1,1,1,5,1,20,true,false,Garden,Plant,Outdoor Plants,Perinnials
296,296 Linko Queen Bedsheet,14,5,300,200,23,4,75,1,1,1,5,1,20,true,false,Furniture,BedRoom,Bed,WoodFrame
297,297 Linko Queen Bedsheet,14,5,300,200,23,4,75,1,1,1,5,1,20,true,false,Garden,Equipemnt,Outdoor Gardening,Hoses
298,298 Linko Queen Bedsheet,14,5,300,200,23,4,75,1,1,1,5,1,20,true,false,Furniture,BedRoom,Bed,WoodFrame
299,299 Linko Queen Bedsheet,14,5,300,200,23,4,75,1,1,1,5,1,20,true,false,Furniture,BedRoom,Bed,Metal Frame
300,300 Linko Queen Bedsheet,14,5,300,200,23,4,75,1,1,1,5,1,20,true,false,Garden,Equipemnt,Outdoor Gardening,Hoses
301,301 Linko Queen Bedsheet,14,5,300,200,23,4,75,1,1,1,5,1,20,true,false,Furniture,Living Room,Sofa,Sectional
302,302 Linko Queen Bedsheet,14,5,300,200,23,4,75,1,1,1,5,1,20,true,false,Garden,Plant,Outdoor Plants,Seasonals
303,303 Linko Queen Bedsheet,14,5,300,200,23,4,75,1,1,1,5,1,20,true,false,Furniture,Living Room,Sofa,Sectional
304,304 Linko Queen Bedsheet,14,5,300,200,23,4,75,1,1,1,5,1,20,true,false,Garden,Plant,Outdoor Plants,Seasonals
305,305 Linko Queen Bedsheet,14,5,300,200,23,4,75,1,1,1,5,1,20,true,false,Furniture,BedRoom,Chest,With drawer
306,306 Linko Queen Bedsheet,14,5,300,200,23,4,75,1,1,1,5,1,20,true,false,Furniture,Living Room,Sofa,Sectional
307,307 Linko Queen Bedsheet,14,5,300,200,23,4,75,1,1,1,5,1,20,true,false,Garden,Equipemnt,Outdoor Gardening,Hoses
308,308 Linko Queen Bedsheet,14,5,300,200,23,4,75,1,1,1,5,1,20,true,false,Furniture,BedRoom,Chest,Without drawer
309,309 Linko Queen Bedsheet,14,5,300,200,23,4,75,1,1,1,5,1,20,true,false,Furniture,Living Room,Tables,Coffee table
310,310 Linko Queen Bedsheet,14,5,300,200,23,4,75,1,1,1,5,1,20,true,false,Garden,Plant,Outdoor Plants,Seasonals
311,311 Linko Queen Bedsheet,14,5,300,200,23,4,75,1,1,1,5,1,20,true,false,Garden,Plant,Outdoor Plants,Perinnials
312,312 Linko Queen Bedsheet,14,5,300,200,23,4,75,1,1,1,5,1,20,true,false,Furniture,BedRoom,Bed,WoodFrame
313,313 Linko Queen Bedsheet,14,5,300,200,23,4,75,1,1,1,5,1,20,true,false,Furniture,Living Room,Tables,End Tables
314,314 Linko Queen Bedsheet,14,5,300,200,23,4,75,1,1,1,5,1,20,true,false,Furniture,BedRoom,Chest,With drawer
315,315 Linko Queen Bedsheet,14,5,300,200,23,4,75,1,1,1,5,1,20,true,false,Furniture,BedRoom,Chest,With drawer
316,316 Linko Queen Bedsheet,14,5,300,200,23,4,75,1,1,1,5,1,20,true,false,Furniture,Living Room,Sofa,Love Seat
317,317 Linko Queen Bedsheet,14,5,300,200,23,4,75,1,1,1,5,1,20,true,false,Furniture,Living Room,Sofa,Sectional
318,318 Linko Queen Bedsheet,14,5,300,200,23,4,75,1,1,1,5,1,20,true,false,Furniture,BedRoom,Bed,Metal Frame
319,319 Linko Queen Bedsheet,14,5,300,200,23,4,75,1,1,1,5,1,20,true,false,Furniture,BedRoom,Bed,Metal Frame
320,320 Linko Queen Bedsheet,14,5,300,200,23,4,75,1,1,1,5,1,20,true,false,Garden,Plant,Outdoor Plants,Seasonals
321,321 Linko Queen Bedsheet,14,5,300,200,23,4,75,1,1,1,5,1,20,true,false,Furniture,Living Room,Tables,Coffee table
322,322 Linko Queen Bedsheet,14,5,300,200,23,4,75,1,1,1,5,1,20,true,false,Furniture,BedRoom,Chest,Without drawer
323,323 Linko Queen Bedsheet,14,5,300,200,23,4,75,1,1,1,5,1,20,true,false,Garden,Equipemnt,Outdoor Gardening,Hoses
324,324 Linko Queen Bedsheet,14,5,300,200,23,4,75,1,1,1,5,1,20,true,false,Furniture,BedRoom,Chest,With drawer
325,325 Linko Queen Bedsheet,14,5,300,200,23,4,75,1,1,1,5,1,20,true,false,Furniture,BedRoom,Chest,With drawer
326,326 Linko Queen Bedsheet,14,5,300,200,23,4,75,1,1,1,5,1,20,true,false,Furniture,Living Room,Sofa,Sectional
327,327 Linko Queen Bedsheet,14,5,300,200,23,4,75,1,1,1,5,1,20,true,false,Furniture,Living Room,Sofa,Love Seat
328,328 Linko Queen Bedsheet,14,5,300,200,23,4,75,1,1,1,5,1,20,true,false,Furniture,BedRoom,Chest,Without drawer
329,329 Linko Queen Bedsheet,14,5,300,200,23,4,75,1,1,1,5,1,20,true,false,Furniture,BedRoom,Chest,With drawer
330,330 Linko Queen Bedsheet,14,5,300,200,23,4,75,1,1,1,5,1,20,true,false,Garden,Plant,Outdoor Plants,Perinnials
331,331 Linko Queen Bedsheet,14,5,300,200,23,4,75,1,1,1,5,1,20,true,false,Furniture,BedRoom,Chest,With drawer
332,332 Linko Queen Bedsheet,14,5,300,200,23,4,75,1,1,1,5,1,20,true,false,Garden,Plant,Outdoor Plants,Seasonals
333,333 Linko Queen Bedsheet,14,5,300,200,23,4,75,1,1,1,5,1,20,true,false,Furniture,Living Room,Sofa,Sectional
334,334 Linko Queen Bedsheet,14,5,300,200,23,4,75,1,1,1,5,1,20,true,false,Furniture,Living Room,Sofa,Love Seat
335,335 Linko Queen Bedsheet,14,5,300,200,23,4,75,1,1,1,5,1,20,true,false,Furniture,Living Room,Tables,End Tables
336,336 Linko Queen Bedsheet,14,5,300,200,23,4,75,1,1,1,5,1,20,true,false,Garden,Plant,Outdoor Plants,Seasonals
337,337 Linko Queen Bedsheet,14,5,300,200,23,4,75,1,1,1,5,1,20,true,false,Furniture,Living Room,Tables,End Tables
338,338 Linko Queen Bedsheet,14,5,300,200,23,4,75,1,1,1,5,1,20,true,false,Furniture,BedRoom,Bed,Metal Frame
339,339 Linko Queen Bedsheet,14,5,300,200,23,4,75,1,1,1,5,1,20,true,false,Furniture,Living Room,Sofa,Love Seat
340,340 Linko Queen Bedsheet,14,5,300,200,23,4,75,1,1,1,5,1,20,true,false,Furniture,Living Room,Sofa,Sectional
341,341 Linko Queen Bedsheet,14,5,300,200,23,4,75,1,1,1,5,1,20,true,false,Furniture,Living Room,Tables,Coffee table
342,342 Linko Queen Bedsheet,14,5,300,200,23,4,75,1,1,1,5,1,20,true,false,Garden,Plant,Outdoor Plants,Perinnials
343,343 Linko Queen Bedsheet,14,5,300,200,23,4,75,1,1,1,5,1,20,true,false,Furniture,Living Room,Tables,End Tables
344,344 Linko Queen Bedsheet,14,5,300,200,23,4,75,1,1,1,5,1,20,true,false,Furniture,BedRoom,Chest,Without drawer
345,345 Linko Queen Bedsheet,14,5,300,200,23,4,75,1,1,1,5,1,20,true,false,Furniture,Living Room,Sofa,Love Seat
346,346 Linko Queen Bedsheet,14,5,300,200,23,4,75,1,1,1,5,1,20,true,false,Furniture,BedRoom,Bed,Metal Frame
347,347 Linko Queen Bedsheet,14,5,300,200,23,4,75,1,1,1,5,1,20,true,false,Furniture,BedRoom,Bed,Metal Frame
348,348 Linko Queen Bedsheet,14,5,300,200,23,4,75,1,1,1,5,1,20,true,false,Garden,Plant,Outdoor Plants,Perinnials
349,349 Linko Queen Bedsheet,14,5,300,200,23,4,75,1,1,1,5,1,20,true,false,Garden,Plant,Outdoor Plants,Seasonals
350,350 Linko Queen Bedsheet,14,5,300,200,23,4,75,1,1,1,5,1,20,true,false,Furniture,BedRoom,Chest,With drawer
351,351 Linko Queen Bedsheet,14,5,300,200,23,4,75,1,1,1,5,1,20,true,false,Furniture,Living Room,Tables,Coffee table
352,352 Linko Queen Bedsheet,14,5,300,200,23,4,75,1,1,1,5,1,20,true,false,Garden,Plant,Outdoor Plants,Perinnials
353,353 Linko Queen Bedsheet,14,5,300,200,23,4,75,1,1,1,5,1,20,true,false,Garden,Equipemnt,Outdoor Gardening,Hoses
354,354 Linko Queen Bedsheet,14,5,300,200,23,4,75,1,1,1,5,1,20,true,false,Furniture,Living Room,Sofa,Sectional
355,355 Linko Queen Bedsheet,14,5,300,200,23,4,75,1,1,1,5,1,20,true,false,Furniture,Living Room,Tables,End Tables
356,356 Linko Queen Bedsheet,14,5,300,200,23,4,75,1,1,1,5,1,20,true,false,Furniture,BedRoom,Chest,With drawer
357,357 Linko Queen Bedsheet,14,5,300,200,23,4,75,1,1,1,5,1,20,true,false,Furniture,Living Room,Tables,Coffee table
358,358 Linko Queen Bedsheet,14,5,300,200,23,4,75,1,1,1,5,1,20,true,false,Furniture,BedRoom,Chest,Without drawer
359,359 Linko Queen Bedsheet,14,5,300,200,23,4,75,1,1,1,5,1,20,true,false,Garden,Equipemnt,Outdoor Gardening,Hoses
360,360 Linko Queen Bedsheet,14,5,300,200,23,4,75,1,1,1,5,1,20,true,false,Furniture,BedRoom,Chest,Without drawer
361,361 Linko Queen Bedsheet,14,5,300,200,23,4,75,1,1,1,5,1,20,true,false,Garden,Plant,Outdoor Plants,Perinnials
362,362 Linko Queen Bedsheet,14,5,300,200,23,4,75,1,1,1,5,1,20,true,false,Garden,Plant,Outdoor Plants,Seasonals
363,363 Linko Queen Bedsheet,14,5,300,200,23,4,75,1,1,1,5,1,20,true,false,Furniture,Living Room,Sofa,Love Seat
364,364 Linko Queen Bedsheet,14,5,300,200,23,4,75,1,1,1,5,1,20,true,false,Furniture,BedRoom,Bed,Metal Frame
365,365 Linko Queen Bedsheet,14,5,300,200,23,4,75,1,1,1,5,1,20,true,false,Furniture,BedRoom,Chest,With drawer
366,366 Linko Queen Bedsheet,14,5,300,200,23,4,75,1,1,1,5,1,20,true,false,Furniture,BedRoom,Chest,Without drawer
367,367 Linko Queen Bedsheet,14,5,300,200,23,4,75,1,1,1,5,1,20,true,false,Furniture,Living Room,Tables,Coffee table
368,368 Linko Queen Bedsheet,14,5,300,200,23,4,75,1,1,1,5,1,20,true,false,Furniture,Living Room,Sofa,Sectional
369,369 Linko Queen Bedsheet,14,5,300,200,23,4,75,1,1,1,5,1,20,true,false,Garden,Plant,Outdoor Plants,Perinnials
370,370 Linko Queen Bedsheet,14,5,300,200,23,4,75,1,1,1,5,1,20,true,false,Garden,Equipemnt,Outdoor Gardening,Hoses
371,371 Linko Queen Bedsheet,14,5,300,200,23,4,75,1,1,1,5,1,20,true,false,Furniture,Living Room,Tables,Coffee table
372,372 Linko Queen Bedsheet,14,5,300,200,23,4,75,1,1,1,5,1,20,true,false,Furniture,Living Room,Tables,Coffee table
373,373 Linko Queen Bedsheet,14,5,300,200,23,4,75,1,1,1,5,1,20,true,false,Furniture,Living Room,Tables,Coffee table
374,374 Linko Queen Bedsheet,14,5,300,200,23,4,75,1,1,1,5,1,20,true,false,Furniture,Living Room,Tables,End Tables
375,375 Linko Queen Bedsheet,14,5,300,200,23,4,75,1,1,1,5,1,20,true,false,Furniture,Living Room,Sofa,Sectional
376,376 Linko Queen Bedsheet,14,5,300,200,23,4,75,1,1,1,5,1,20,true,false,Furniture,BedRoom,Bed,Metal Frame
377,377 Linko Queen Bedsheet,14,5,300,200,23,4,75,1,1,1,5,1,20,true,false,Furniture,BedRoom,Chest,Without drawer
378,378 Linko Queen Bedsheet,14,5,300,200,23,4,75,1,1,1,5,1,20,true,false,Furniture,BedRoom,Bed,WoodFrame
379,379 Linko Queen Bedsheet,14,5,300,200,23,4,75,1,1,1,5,1,20,true,false,Furniture,Living Room,Sofa,Sectional
380,380 Linko Queen Bedsheet,14,5,300,200,23,4,75,1,1,1,5,1,20,true,false,Garden,Equipemnt,Outdoor Gardening,Hoses
381,381 Linko Queen Bedsheet,14,5,300,200,23,4,75,1,1,1,5,1,20,true,false,Garden,Equipemnt,Outdoor Gardening,Hoses
382,382 Linko Queen Bedsheet,14,5,300,200,23,4,75,1,1,1,5,1,20,true,false,Furniture,BedRoom,Bed,Metal Frame
383,383 Linko Queen Bedsheet,14,5,300,200,23,4,75,1,1,1,5,1,20,true,false,Furniture,Living Room,Sofa,Sectional
384,384 Linko Queen Bedsheet,14,5,300,200,23,4,75,1,1,1,5,1,20,true,false,Furniture,Living Room,Tables,Coffee table
385,385 Linko Queen Bedsheet,14,5,300,200,23,4,75,1,1,1,5,1,20,true,false,Furniture,Living Room,Sofa,Sectional
386,386 Linko Queen Bedsheet,14,5,300,200,23,4,75,1,1,1,5,1,20,true,false,Furniture,BedRoom,Chest,Without drawer
387,387 Linko Queen Bedsheet,14,5,300,200,23,4,75,1,1,1,5,1,20,true,false,Garden,Equipemnt,Outdoor Gardening,Hoses
388,388 Linko Queen Bedsheet,14,5,300,200,23,4,75,1,1,1,5,1,20,true,false,Furniture,BedRoom,Bed,WoodFrame
389,389 Linko Queen Bedsheet,14,5,300,200,23,4,75,1,1,1,5,1,20,true,false,Garden,Equipemnt,Outdoor Gardening,Hoses
390,390 Linko Queen Bedsheet,14,5,300,200,23,4,75,1,1,1,5,1,20,true,false,Furniture,Living Room,Sofa,Love Seat
391,391 Linko Queen Bedsheet,14,5,300,200,23,4,75,1,1,1,5,1,20,true,false,Furniture,BedRoom,Bed,WoodFrame
392,392 Linko Queen Bedsheet,14,5,300,200,23,4,75,1,1,1,5,1,20,true,false,Furniture,BedRoom,Chest,With drawer
393,393 Linko Queen Bedsheet,14,5,300,200,23,4,75,1,1,1,5,1,20,true,false,Garden,Equipemnt,Outdoor Gardening,Hoses
394,394 Linko Queen Bedsheet,14,5,300,200,23,4,75,1,1,1,5,1,20,true,false,Furniture,Living Room,Tables,Coffee table
395,395 Linko Queen Bedsheet,14,5,300,200,23,4,75,1,1,1,5,1,20,true,false,Furniture,BedRoom,Chest,Without drawer
396,396 Linko Queen Bedsheet,14,5,300,200,23,4,75,1,1,1,5,1,20,true,false,Furniture,Living Room,Sofa,Sectional
397,397 Linko Queen Bedsheet,14,5,300,200,23,4,75,1,1,1,5,1,20,true,false,Furniture,Living Room,Tables,End Tables
398,398 Linko Queen Bedsheet,14,5,300,200,23,4,75,1,1,1,5,1,20,true,false,Garden,Plant,Outdoor Plants,Perinnials
399,399 Linko Queen Bedsheet,14,5,300,200,23,4,75,1,1,1,5,1,20,true,false,Garden,Plant,Outdoor Plants,Perinnials
400,400 Linko Queen Bedsheet,14,5,300,200,23,4,75,1,1,1,5,1,20,true,false,Garden,Plant,Outdoor Plants,Seasonals
401,401 Linko Queen Bedsheet,14,5,300,200,23,4,75,1,1,1,5,1,20,true,false,Garden,Equipemnt,Outdoor Gardening,Hoses
402,402 Linko Queen Bedsheet,14,5,300,200,23,4,75,1,1,1,5,1,20,true,false,Garden,Plant,Outdoor Plants,Seasonals
403,403 Linko Queen Bedsheet,14,5,300,200,23,4,75,1,1,1,5,1,20,true,false,Furniture,Living Room,Tables,End Tables
404,404 Linko Queen Bedsheet,14,5,300,200,23,4,75,1,1,1,5,1,20,true,false,Furniture,BedRoom,Bed,Metal Frame
405,405 Linko Queen Bedsheet,14,5,300,200,23,4,75,1,1,1,5,1,20,true,false,Garden,Equipemnt,Outdoor Gardening,Hoses
406,406 Linko Queen Bedsheet,14,5,300,200,23,4,75,1,1,1,5,1,20,true,false,Garden,Plant,Outdoor Plants,Perinnials
407,407 Linko Queen Bedsheet,14,5,300,200,23,4,75,1,1,1,5,1,20,true,false,Furniture,BedRoom,Bed,WoodFrame
408,408 Linko Queen Bedsheet,14,5,300,200,23,4,75,1,1,1,5,1,20,true,false,Furniture,BedRoom,Bed,WoodFrame
409,409 Linko Queen Bedsheet,14,5,300,200,23,4,75,1,1,1,5,1,20,true,false,Furniture,Living Room,Tables,End Tables
410,410 Linko Queen Bedsheet,14,5,300,200,23,4,75,1,1,1,5,1,20,true,false,Furniture,Living Room,Sofa,Love Seat
411,411 Linko Queen Bedsheet,14,5,300,200,23,4,75,1,1,1,5,1,20,true,false,Furniture,Living Room,Tables,End Tables
412,412 Linko Queen Bedsheet,14,5,300,200,23,4,75,1,1,1,5,1,20,true,false,Furniture,BedRoom,Chest,With drawer
413,413 Linko Queen Bedsheet,14,5,300,200,23,4,75,1,1,1,5,1,20,true,false,Garden,Equipemnt,Outdoor Gardening,Hoses
414,414 Linko Queen Bedsheet,14,5,300,200,23,4,75,1,1,1,5,1,20,true,false,Garden,Equipemnt,Outdoor Gardening,Hoses
415,415 Linko Queen Bedsheet,14,5,300,200,23,4,75,1,1,1,5,1,20,true,false,Furniture,BedRoom,Chest,With drawer
416,416 Linko Queen Bedsheet,14,5,300,200,23,4,75,1,1,1,5,1,20,true,false,Furniture,BedRoom,Chest,Without drawer
417,417 Linko Queen Bedsheet,14,5,300,200,23,4,75,1,1,1,5,1,20,true,false,Furniture,Living Room,Sofa,Love Seat
418,418 Linko Queen Bedsheet,14,5,300,200,23,4,75,1,1,1,5,1,20,true,false,Garden,Plant,Outdoor Plants,Perinnials
419,419 Linko Queen Bedsheet,14,5,300,200,23,4,75,1,1,1,5,1,20,true,false,Furniture,Living Room,Tables,End Tables
420,420 Linko Queen Bedsheet,14,5,300,200,23,4,75,1,1,1,5,1,20,true,false,Garden,Plant,Outdoor Plants,Seasonals
421,421 Linko Queen Bedsheet,14,5,300,200,23,4,75,1,1,1,5,1,20,true,false,Garden,Plant,Outdoor Plants,Seasonals
422,422 Linko Queen Bedsheet,14,5,300,200,23,4,75,1,1,1,5,1,20,true,false,Furniture,Living Room,Sofa,Love Seat
423,423 Linko Queen Bedsheet,14,5,300,200,23,4,75,1,1,1,5,1,20,true,false,Furniture,BedRoom,Bed,WoodFrame
424,424 Linko Queen Bedsheet,14,5,300,200,23,4,75,1,1,1,5,1,20,true,false,Furniture,Living Room,Tables,Coffee table
425,425 Linko Queen Bedsheet,14,5,300,200,23,4,75,1,1,1,5,1,20,true,false,Furniture,BedRoom,Chest,With drawer
426,426 Linko Queen Bedsheet,14,5,300,200,23,4,75,1,1,1,5,1,20,true,false,Furniture,BedRoom,Chest,Without drawer
427,427 Linko Queen Bedsheet,14,5,300,200,23,4,75,1,1,1,5,1,20,true,false,Furniture,BedRoom,Bed,WoodFrame
428,428 Linko Queen Bedsheet,14,5,300,200,23,4,75,1,1,1,5,1,20,true,false,Furniture,BedRoom,Chest,Without drawer
429,429 Linko Queen Bedsheet,14,5,300,200,23,4,75,1,1,1,5,1,20,true,false,Furniture,BedRoom,Chest,With drawer
430,430 Linko Queen Bedsheet,14,5,300,200,23,4,75,1,1,1,5,1,20,true,false,Garden,Plant,Outdoor Plants,Perinnials
431,431 Linko Queen Bedsheet,14,5,300,200,23,4,75,1,1,1,5,1,20,true,false,Furniture,BedRoom,Bed,WoodFrame
432,432 Linko Queen Bedsheet,14,5,300,200,23,4,75,1,1,1,5,1,20,true,false,Furniture,BedRoom,Bed,WoodFrame
433,433 Linko Queen Bedsheet,14,5,300,200,23,4,75,1,1,1,5,1,20,true,false,Furniture,Living Room,Sofa,Sectional
434,434 Linko Queen Bedsheet,14,5,300,200,23,4,75,1,1,1,5,1,20,true,false,Furniture,BedRoom,Bed,Metal Frame
435,435 Linko Queen Bedsheet,14,5,300,200,23,4,75,1,1,1,5,1,20,true,false,Garden,Plant,Outdoor Plants,Seasonals
436,436 Linko Queen Bedsheet,14,5,300,200,23,4,75,1,1,1,5,1,20,true,false,Furniture,Living Room,Tables,Coffee table
437,437 Linko Queen Bedsheet,14,5,300,200,23,4,75,1,1,1,5,1,20,true,false,Furniture,Living Room,Tables,End Tables
438,438 Linko Queen Bedsheet,14,5,300,200,23,4,75,1,1,1,5,1,20,true,false,Garden,Equipemnt,Outdoor Gardening,Hoses
439,439 Linko Queen Bedsheet,14,5,300,200,23,4,75,1,1,1,5,1,20,true,false,Furniture,BedRoom,Chest,Without drawer
440,440 Linko Queen Bedsheet,14,5,300,200,23,4,75,1,1,1,5,1,20,true,false,Garden,Plant,Outdoor Plants,Perinnials
441,441 Linko Queen Bedsheet,14,5,300,200,23,4,75,1,1,1,5,1,20,true,false,Furniture,BedRoom,Chest,Without drawer
442,442 Linko Queen Bedsheet,14,5,300,200,23,4,75,1,1,1,5,1,20,true,false,Furniture,Living Room,Tables,End Tables
443,443 Linko Queen Bedsheet,14,5,300,200,23,4,75,1,1,1,5,1,20,true,false,Furniture,BedRoom,Bed,Metal Frame
444,444 Linko Queen Bedsheet,14,5,300,200,23,4,75,1,1,1,5,1,20,true,false,Furniture,Living Room,Tables,End Tables
445,445 Linko Queen Bedsheet,14,5,300,200,23,4,75,1,1,1,5,1,20,true,false,Garden,Equipemnt,Outdoor Gardening,Hoses
446,446 Linko Queen Bedsheet,14,5,300,200,23,4,75,1,1,1,5,1,20,true,false,Garden,Equipemnt,Outdoor Gardening,Hoses
447,447 Linko Queen Bedsheet,14,5,300,200,23,4,75,1,1,1,5,1,20,true,false,Furniture,BedRoom,Bed,Metal Frame
448,448 Linko Queen Bedsheet,14,5,300,200,23,4,75,1,1,1,5,1,20,true,false,Garden,Plant,Outdoor Plants,Perinnials
449,449 Linko Queen Bedsheet,14,5,300,200,23,4,75,1,1,1,5,1,20,true,false,Furniture,BedRoom,Bed,Metal Frame
450,450 Linko Queen Bedsheet,14,5,300,200,23,4,75,1,1,1,5,1,20,true,false,Furniture,BedRoom,Bed,Metal Frame
451,451 Linko Queen Bedsheet,14,5,300,200,23,4,75,1,1,1,5,1,20,true,false,Garden,Equipemnt,Outdoor Gardening,Hoses
452,452 Linko Queen Bedsheet,14,5,300,200,23,4,75,1,1,1,5,1,20,true,false,Garden,Plant,Outdoor Plants,Seasonals
453,453 Linko Queen Bedsheet,14,5,300,200,23,4,75,1,1,1,5,1,20,true,false,Furniture,BedRoom,Chest,Without drawer
454,454 Linko Queen Bedsheet,14,5,300,200,23,4,75,1,1,1,5,1,20,true,false,Furniture,BedRoom,Bed,Metal Frame
455,455 Linko Queen Bedsheet,14,5,300,200,23,4,75,1,1,1,5,1,20,true,false,Furniture,BedRoom,Chest,Without drawer
456,456 Linko Queen Bedsheet,14,5,300,200,23,4,75,1,1,1,5,1,20,true,false,Furniture,Living Room,Sofa,Love Seat
457,457 Linko Queen Bedsheet,14,5,300,200,23,4,75,1,1,1,5,1,20,true,false,Furniture,Living Room,Sofa,Love Seat
458,458 Linko Queen Bedsheet,14,5,300,200,23,4,75,1,1,1,5,1,20,true,false,Garden,Plant,Outdoor Plants,Perinnials
459,459 Linko Queen Bedsheet,14,5,300,200,23,4,75,1,1,1,5,1,20,true,false,Furniture,Living Room,Sofa,Sectional
460,460 Linko Queen Bedsheet,14,5,300,200,23,4,75,1,1,1,5,1,20,true,false,Furniture,Living Room,Sofa,Sectional
461,461 Linko Queen Bedsheet,14,5,300,200,23,4,75,1,1,1,5,1,20,true,false,Furniture,BedRoom,Bed,Metal Frame
462,462 Linko Queen Bedsheet,14,5,300,200,23,4,75,1,1,1,5,1,20,true,false,Garden,Plant,Outdoor Plants,Perinnials
463,463 Linko Queen Bedsheet,14,5,300,200,23,4,75,1,1,1,5,1,20,true,false,Garden,Plant,Outdoor Plants,Perinnials
464,464 Linko Queen Bedsheet,14,5,300,200,23,4,75,1,1,1,5,1,20,true,false,Furniture,BedRoom,Bed,WoodFrame
465,465 Linko Queen Bedsheet,14,5,300,200,23,4,75,1,1,1,5,1,20,true,false,Furniture,BedRoom,Chest,With drawer
466,466 Linko Queen Bedsheet,14,5,300,200,23,4,75,1,1,1,5,1,20,true,false,Furniture,BedRoom,Bed,WoodFrame
467,467 Linko Queen Bedsheet,14,5,300,200,23,4,75,1,1,1,5,1,20,true,false,Garden,Plant,Outdoor Plants,Seasonals
468,468 Linko Queen Bedsheet,14,5,300,200,23,4,75,1,1,1,5,1,20,true,false,Furniture,Living Room,Tables,Coffee table
469,469 Linko Queen Bedsheet,14,5,300,200,23,4,75,1,1,1,5,1,20,true,false,Furniture,Living Room,Tables,Coffee table
470,470 Linko Queen Bedsheet,14,5,300,200,23,4,75,1,1,1,5,1,20,true,false,Furniture,Living Room,Tables,End Tables
471,471 Linko Queen Bedsheet,14,5,300,200,23,4,75,1,1,1,5,1,20,true,false,Furniture,BedRoom,Bed,WoodFrame
472,472 Linko Queen Bedsheet,14,5,300,200,23,4,75,1,1,1,5,1,20,true,false,Furniture,BedRoom,Chest,With drawer
473,473 Linko Queen Bedsheet,14,5,300,200,23,4,75,1,1,1,5,1,20,true,false,Garden,Plant,Outdoor Plants,Perinnials
474,474 Linko Queen Bedsheet,14,5,300,200,23,4,75,1,1,1,5,1,20,true,false,Garden,Equipemnt,Outdoor Gardening,Hoses
475,475 Linko Queen Bedsheet,14,5,300,200,23,4,75,1,1,1,5,1,20,true,false,Furniture,Living Room,Sofa,Love Seat
476,476 Linko Queen Bedsheet,14,5,300,200,23,4,75,1,1,1,5,1,20,true,false,Furniture,Living Room,Sofa,Love Seat
477,477 Linko Queen Bedsheet,14,5,300,200,23,4,75,1,1,1,5,1,20,true,false,Furniture,BedRoom,Bed,Metal Frame
478,478 Linko Queen Bedsheet,14,5,300,200,23,4,75,1,1,1,5,1,20,true,false,Garden,Equipemnt,Outdoor Gardening,Hoses
479,479 Linko Queen Bedsheet,14,5,300,200,23,4,75,1,1,1,5,1,20,true,false,Garden,Plant,Outdoor Plants,Perinnials
480,480 Linko Queen Bedsheet,14,5,300,200,23,4,75,1,1,1,5,1,20,true,false,Garden,Plant,Outdoor Plants,Perinnials
481,481 Linko Queen Bedsheet,14,5,300,200,23,4,75,1,1,1,5,1,20,true,false,Garden,Equipemnt,Outdoor Gardening,Hoses
482,482 Linko Queen Bedsheet,14,5,300,200,23,4,75,1,1,1,5,1,20,true,false,Garden,Equipemnt,Outdoor Gardening,Hoses
483,483 Linko Queen Bedsheet,14,5,300,200,23,4,75,1,1,1,5,1,20,true,false,Garden,Equipemnt,Outdoor Gardening,Hoses
484,484 Linko Queen Bedsheet,14,5,300,200,23,4,75,1,1,1,5,1,20,true,false,Furniture,Living Room,Tables,End Tables
485,485 Linko Queen Bedsheet,14,5,300,200,23,4,75,1,1,1,5,1,20,true,false,Furniture,BedRoom,Bed,WoodFrame
486,486 Linko Queen Bedsheet,14,5,300,200,23,4,75,1,1,1,5,1,20,true,false,Furniture,Living Room,Tables,Coffee table
487,487 Linko Queen Bedsheet,14,5,300,200,23,4,75,1,1,1,5,1,20,true,false,Furniture,BedRoom,Chest,With drawer
488,488 Linko Queen Bedsheet,14,5,300,200,23,4,75,1,1,1,5,1,20,true,false,Furniture,Living Room,Sofa,Love Seat
489,489 Linko Queen Bedsheet,14,5,300,200,23,4,75,1,1,1,5,1,20,true,false,Furniture,BedRoom,Bed,Metal Frame
490,490 Linko Queen Bedsheet,14,5,300,200,23,4,75,1,1,1,5,1,20,true,false,Furniture,BedRoom,Bed,Metal Frame
491,491 Linko Queen Bedsheet,14,5,300,200,23,4,75,1,1,1,5,1,20,true,false,Furniture,BedRoom,Bed,WoodFrame
492,492 Linko Queen Bedsheet,14,5,300,200,23,4,75,1,1,1,5,1,20,true,false,Furniture,Living Room,Tables,Coffee table
493,493 Linko Queen Bedsheet,14,5,300,200,23,4,75,1,1,1,5,1,20,true,false,Furniture,Living Room,Sofa,Sectional
494,494 Linko Queen Bedsheet,14,5,300,200,23,4,75,1,1,1,5,1,20,true,false,Furniture,BedRoom,Bed,WoodFrame
495,495 Linko Queen Bedsheet,14,5,300,200,23,4,75,1,1,1,5,1,20,true,false,Furniture,BedRoom,Chest,Without drawer
496,496 Linko Queen Bedsheet,14,5,300,200,23,4,75,1,1,1,5,1,20,true,false,Furniture,BedRoom,Chest,Without drawer
497,497 Linko Queen Bedsheet,14,5,300,200,23,4,75,1,1,1,5,1,20,true,false,Furniture,Living Room,Sofa,Love Seat
498,498 Linko Queen Bedsheet,14,5,300,200,23,4,75,1,1,1,5,1,20,true,false,Furniture,BedRoom,Chest,Without drawer